{"cameraMode":{"drawMode":0,"name":"Shaded","section":"Shading Mode"},"sceneLighting":false,"audioPlay":false,"sceneViewState":{"showFog":true,"showMaterialUpdate":true,"showSkybox":false,"showFlares":true,"showImageEffects":true,"showParticleSystems":true},"in2DMode":false,"pivot":{"x":-0.10855308920145035,"y":0.3353361189365387,"z":-0.8374375700950623},"rotation":{"x":0.14576785266399384,"y":0.2263665646314621,"z":-0.03428376093506813,"w":0.9624703526496887},"size":4.306646823883057,"orthographic":false}