{"cameraMode":{"drawMode":0,"name":"Shaded","section":"Shading Mode"},"sceneLighting":false,"audioPlay":false,"sceneViewState":{"showFog":true,"showMaterialUpdate":true,"showSkybox":false,"showFlares":true,"showImageEffects":true,"showParticleSystems":true},"in2DMode":false,"pivot":{"x":-0.534614622592926,"y":-0.5837944746017456,"z":-0.1724238395690918},"rotation":{"x":0.2685568034648895,"y":-0.1381235420703888,"z":0.03894548490643501,"w":0.9525228142738342},"size":3.822357416152954,"orthographic":false}