{"cameraMode":{"drawMode":0,"name":"Shaded","section":"Shading Mode"},"sceneLighting":false,"audioPlay":false,"sceneViewState":{"showFog":true,"showMaterialUpdate":true,"showSkybox":false,"showFlares":true,"showImageEffects":true,"showParticleSystems":true},"in2DMode":false,"pivot":{"x":-0.20064465701580048,"y":0.6588250398635864,"z":-0.23560690879821778},"rotation":{"x":0.24675795435905457,"y":0.20595477521419526,"z":-0.053755663335323337,"w":0.94541335105896},"size":2.2167952060699465,"orthographic":false}