{"cameraMode":{"drawMode":0,"name":"Shaded","section":"Shading Mode"},"sceneLighting":false,"audioPlay":false,"sceneViewState":{"showFog":true,"showMaterialUpdate":true,"showSkybox":false,"showFlares":true,"showImageEffects":true,"showParticleSystems":true},"in2DMode":false,"pivot":{"x":-1.6001473665237427,"y":0.988475501537323,"z":-2.685070276260376},"rotation":{"x":0.08940289914608002,"y":0.13107672333717347,"z":-0.011869500391185284,"w":0.987267792224884},"size":4.307389736175537,"orthographic":false}